variable,count,mean,std,min,25%,50%,75%,max,original
dummy1,1000.0,-0.0006363344601192265,0.010520474455021677,-0.0309095316337759,-0.007848177979753599,-0.0012214900198694498,0.006680443568004275,0.0309928138919568,0.0119203454218261
dummy2,1000.0,0.00019815314002997675,0.011028011849682254,-0.0328973650680524,-0.007551225974760951,0.00022208536979155,0.007785766046506324,0.0371188359649821,-0.0028151303369217
x1,1000.0,0.006215229064186033,3.0304045645861133,-8.979017722233303,-2.0426994416180744,0.07214211862586001,1.9378408223181027,28.204265694773134,28.204265694773134
x2,1000.0,0.28415916342359687,8.267882117843598,-25.886859719189808,-5.354137406031639,0.17713098076836958,5.60380709638636,75.0499905594877,75.0499905594877
x3,1000.0,0.0024306090263928335,1.8951625940726444,-5.304497125795329,-1.267331433461826,-0.05011943138999795,1.2859379821993882,17.753613491273562,17.753613491273562
